date,day_number,dph_new_cases,dph_cumulative_cases,dph_new_deaths,dph_cumulative_deaths,dph_total_tested_est,test_positivity,hospitalized_ever,hospitalized_ever_pct,hospitalized_now,hospitalized_now_icu,conf_susp_cases,hospitalized_now_vent,deaths_w_race,pct_deaths_latinx,pct_deaths_white,pct_deaths_asian,pct_deaths_black,pct_deaths_pacisl,pct_deaths_other,dph_cumulative_cases_peh,dph_cumulative_cases_peh_housed,dph_new_deaths_peh,dph_cumulative_deaths_peh,r_effective,r_eff_ci_min,r_eff_ci_max,cases_lac_natam,cases_lac_asian,cases_lac_black,cases_lac_latinx,cases_lac_pacisl,cases_lac_white,cases_lac_other,cases_lac_underinv,deaths_lac_natam,deaths_lac_asian,deaths_lac_black,deaths_lac_latinx,deaths_lac_pacisl,deaths_lac_white,deaths_lac_other,deaths_lac_underinv,saho_icu_nocal,saho_icu_bayarea,saho_icu_grsac,saho_icu_sjv,saho_icu_socal
2020-03-04,1,6,7,0,0,,,,,,,,,,,,,,,,,,,,,,,,,,,,,,,,,,,,,,,,,,,
2020-03-05,2,4,11,0,0,,,,,,,,,,,,,,,,,,,,,,,,,,,,,,,,,,,,,,,,,,,
2020-03-06,3,2,13,0,0,,,,,,,,,,,,,,,,,,,,,,,,,,,,,,,,,,,,,,,,,,,
2020-03-07,4,1,14,0,0,,,,,,,,,,,,,,,,,,,,,,,,,,,,,,,,,,,,,,,,,,,
2020-03-08,5,0,14,0,0,,,,,,,,,,,,,,,,,,,,,,,,,,,,,,,,,,,,,,,,,,,
2020-03-09,6,2,16,0,0,,,,,,,,,,,,,,,,,,,,,,,,,,,,,,,,,,,,,,,,,,,
2020-03-10,7,1,17,0,0,,,,,,,,,,,,,,,,,,,,,,,,,,,,,,,,,,,,,,,,,,,
2020-03-11,8,6,27,1,1,,,,,,,,,,,,,,,,,,,,,,,,,,,,,,,,,,,,,,,,,,,
2020-03-12,9,3,32,0,1,,,,,,,,,,,,,,,,,,,,,,,,,,,,,,,,,,,,,,,,,,,
2020-03-13,10,8,40,0,1,,,,,,,,,,,,,,,,,,,,,,,,,,,,,,,,,,,,,,,,,,,
2020-03-14,11,11,53,0,1,,,,,,,,,,,,,,,,,,,,,,,,,,,,,,,,,,,,,,,,,,,
2020-03-15,12,16,69,0,1,,,,,,,,,,,,,,,,,,,,,,,,,,,,,,,,,,,,,,,,,,,
2020-03-16,13,25,94,0,1,,,,,,,,,,,,,,,,,,,,,,,,,,,,,,,,,,,,,,,,,,,
2020-03-17,14,50,144,0,1,,,,,,,,,,,,,,,,,,,,,,,,,,,,,,,,,,,,,,,,,,,
2020-03-18,15,46,190,0,1,,,,,,,,,,,,,,,,,,,,,,,,,,,,,,,,,,,,,,,,,,,
2020-03-19,16,40,231,1,2,,,,,,,,,,,,,,,,,,,,,,,,,,,,,,,,,,,,,,,,,,,
2020-03-20,17,61,292,0,2,,,,,,,,,,,,,,,,,,,,,,,,,,,,,,,,,,,,,,,,,,,
2020-03-21,18,59,351,2,4,,,,,,,,,,,,,,,,,,,,,,,,,,,,,,,,,,,,,,,,,,,
2020-03-22,19,71,409,1,5,,,,,,,,,,,,,,,,,,,,,,,,,,,,,,,,,,,,,,,,,,,
2020-03-23,20,128,536,2,7,,,,,,,,,,,,,,,,,,,,,,,,,,,,,,,,,,,,,,,,,,,
2020-03-24,21,128,662,3,11,,,,,,,,,,,,,,,,,,,,,,,,,,,,,,,,,,,,,,,,,,,
2020-03-25,22,138,799,3,13,,,,,,,,,,,,,,,,,,,,,,,,,,,,,,,,,,,,,,,,,,,
2020-03-26,23,421,1216,9,21,,,,,,,,,,,,,,,,,,,,,,,,,,,,,,,,,,,,,,,,,,,
2020-03-27,24,257,1465,5,26,,,,,,,,,,,,,,,,,,,,,,,,,,,,,,,,,,,,,,,,,,,
2020-03-28,25,344,1804,6,32,,,,,,,,,,,,,,,,,,,,,,,,,,,,,,,,,,,,,,,,,,,
2020-03-29,26,332,2136,5,37,,,,,,,,,,,,,,,,,,,,,,,,,,,,,,,,,,,,,,,,,,,
2020-03-30,27,342,2474,7,44,,,,,,,,,,,,,,,,,,,,,,,,,,,,,,,,,,,,,,,,,,,
2020-03-31,28,548,3011,10,54,,,,,,,,,,,,,,,,,,,,,,,,,,,,,,,,,,,,,,,,,,,
2020-04-01,29,513,3518,11,65,,,733,.20999999,341,.2,,,,,,,,,,,,,,,,,,,,,,,,,,,,,,,,,,,,,
2020-04-02,30,534,4045,13,78,26000,.13,879,.22,241,.28,,,,,,,,,,,,,,,,,,,,,,,,,,,,,,,,,,,,,
2020-04-03,31,521,4566,11,89,,,1018,.22,,,,,,,,,,,,,,,,,,,,,,,,,,,,,,,,,,,,,,,
2020-04-04,32,711,5277,28,117,29000,.14,1168,.22,,,,,,,,,,,,,,,,,,,,,,,,,,,,,,,,,,,,,,,
2020-04-05,33,663,5940,15,132,31000,.14,1257,.20999999,,,,,,,,,,,,,,,,,,,,,,,,,,,,,,,,,,,,,,,
2020-04-06,34,420,6360,15,147,32000,.14,1366,.20999999,900,.059999999,,,,,,,,,,,,,,,,,,,,,,,,,,,,,,,,,,,,,
2020-04-07,35,550,6910,22,169,35000,.14,1510,.22,869,.15000001,,,,,,,,,,,,,,,,,,316,283,735,,870,693,3711,,18,16,26,,25,8,71,,,,,
2020-04-08,36,620,7530,29,198,36000,.15000001,1714,.23,1033,,,,,,,,,,,,,,,,,,,334,301,807,,827,747,4133,,,,,,,,,,,,,
2020-04-09,37,425,7955,25,223,38400,.15000001,1894,.23999999,,,,,,,,,,,,,,,,,,,,463,384,1309,,1161,707,3550,,32,23,46,,46,6,59,,,,,
2020-04-10,38,475,8430,18,241,40700,.15000001,2043,.23999999,,,,,,,,,,,,,,,,,,,,526,429,1621,,1292,655,3497,,38,26,51,,54,7,52,,,,,
2020-04-11,39,456,8873,25,265,45000,.14,2172,.23999999,,,,,201,.31999999,.31999999,.2,.13,,.029999999,,,,,,,,,589,460,1869,,1399,661,3462,,40,27,64,,64,6,49,,,,,
2020-04-12,40,323,9192,31,296,47000,.14,2246,.23999999,,,,,240,.33000001,.31999999,.19,.14,,.02,,,,,,,,,632,478,2025,,1445,670,3493,,46,33,79,,77,5,41,,,,,
2020-04-13,41,239,9420,25,320,52000,.13,2354,.25,1059,.18000001,,.15000001,262,.33000001,.33000001,.18000001,.14,,.02,,,,,,,,,673,504,2216,,1524,681,3371,,47,37,87,,87,4,41,,,,,
2020-04-14,42,670,10047,40,360,63000,.11,2517,.25,1433,.33000001,,.2,292,.34,.31999999,.17,.16,,.02,,,,,,,,,713,539,2416,,1610,747,3508,,49,46,98,,93,6,45,,,,,
2020-04-15,43,472,10496,42,402,67500,.11,2704,.25999999,1501,.31,,.19,330,.34,.31,.17,.15000001,,.02,,,,,,,,,756,563,2634,,1732,766,3503,,57,50,112,,103,8,43,,,,,
2020-04-16,44,399,10854,55,455,70000,.11,2847,.25999999,1587,.31999999,,.22,390,.33000001,.31,.17,.16,,.029999999,,,,,,,,,783,590,2818,,1807,766,3527,,67,64,130,,119,10,33,,,,,
2020-04-17,45,567,11391,40,495,74000,.14,3014,.25999999,1624,.33000001,,.2,425,.34,.28999999,.18000001,.16,,.029999999,,,,,,,,,844,630,3066,,1903,790,3554,,75,69,146,,123,12,36,,,,,
2020-04-18,46,642,12021,81,576,76000,.14,3280,.27000001,,,,,498,.36000001,.28999999,.17,.16,,.029999999,,,,,,,,,900,669,3353,,1982,817,3666,,84,79,177,,143,15,38,,,,,
2020-04-19,47,334,12341,24,600,79000,.15000001,3387,.28999999,,,,,528,.36000001,.28999999,.17,.16,,.02,,,,,,,,,,,,,,,,,,,,,,,,,,,,
2020-04-20,48,1491,13816,17,617,80000,.13,3465,.25,1709,.30000001,,.17,544,.36000001,.28,.17,.16,,.029999999,47,12,,,,,,,953,720,3597,,2071,899,4904,,94,87,194,,155,14,31,,,,,
2020-04-21,49,1400,15140,46,663,89000,.14,3639,.23999999,1739,.31,,.18000001,582,.36000001,.28,.18000001,.16,,.029999999,,,,,,,,,1028,769,3872,,2195,1011,5552,,105,93,207,,162,15,32,,,,,
2020-04-22,50,1318,16435,66,729,91000,.15000001,3902,.23999999,1791,.30000001,,.19,646,.37,.27000001,.18000001,.15000001,,.02,100,55,,,,,,,1078,794,4227,,2293,972,6333,,118,100,237,,176,15,31,,,,,
2020-04-23,51,1081,17508,68,797,99000,.14,4053,.23999999,1854,.28999999,,.19,716,.37,.28,.18000001,.15000001,,.02,100,55,,,,,,,1124,826,4433,,2374,984,7015,,128,107,267,,197,17,26,,,,,
2020-04-24,52,1035,18517,52,848,108000,.15000001,4211,.23999999,1858,.30000001,,.19,771,.37,.28,.18000001,.15000001,.0099999998,.0099999998,,,,,,,,12,1155,844,4634,157,2428,838,7638,1,138,113,282,11,218,8,21,,,,,
2020-04-25,53,607,19107,48,895,115000,.15000001,4319,.23,,,,,820,.37,.28,.18000001,.14,.0099999998,.0099999998,,,,,,,,12,1194,869,4828,160,2479,878,7848,1,149,115,301,11,233,10,17,,,,,
2020-04-26,54,440,19528,18,913,117000,.14,4380,.23,,,,,837,.37,.28,.18000001,.14,.0099999998,.0099999998,,,,,,,,12,1214,879,4908,163,2509,912,8069,1,152,117,311,11,235,10,18,,,,,
2020-04-27,55,900,20417,27,942,124000,.14,4403,.23,1845,.28,,.15000001,865,.37,.28,.18000001,.14,.0099999998,.0099999998,118,68,,,,,,12,1231,882,4960,163,2528,923,8817,1,159,119,321,11,244,10,18,,,,,
2020-04-28,56,597,20976,59,1000,133000,.14,4507,.20999999,,,,,918,.37,.28999999,.18000001,.14,.0099999998,.0099999998,,,,,,,,13,1269,904,5155,171,2581,990,8949,1,167,124,343,10,265,8,17,,,,,
2020-04-29,57,1541,22485,56,1056,139000,.14,4715,.22,1940,.28,,.17,977,.38,.28,.18000001,.14,.0099999998,.0099999998,164,97,1,3,,,,13,1331,950,5418,177,2477,1005,9862,1,179,130,367,12,277,11,10,,,,,
2020-04-30,58,733,23182,55,1111,146000,.14,4813,.22,1962,.28999999,,.19,1020,.38,.28,.19,.13,.0099999998,.0099999998,172,99,,3,,,,13,1394,992,5901,184,2849,1031,9796,1,189,132,388,12,288,10,13,,,,,
2020-05-01,59,1065,24215,62,1172,152000,.14,4880,.20999999,1959,.27000001,,.17,1069,.38,.28999999,.19,.13,.0099999998,.0099999998,182,104,,3,,,,14,1459,1028,6285,187,2932,1063,10174,1,199,139,401,12,305,12,17,,,,,
2020-05-02,60,691,24894,38,1209,158000,.14,4956,.20999999,,,,,1101,.38,.28999999,.19,.13,.0099999998,.0099999998,,,,3,,,,14,1526,1066,6922,189,3057,1069,9931,1,205,139,413,13,318,12,20,,,,,
2020-05-03,61,781,25662,21,1229,159000,.14,4986,.2,,,,,1121,.38,.28999999,.19,.13,.0099999998,.0099999998,,,,3,,,,13,1573,1087,7241,192,3139,1092,10163,1,211,141,421,13,322,12,17,,,,,
2020-05-04,62,568,26217,28,1256,173000,.13,5019,.19,1819,.30000001,,.17,1148,.38,.28999999,.19,.13,.0099999998,.0099999998,196,111,,3,,,,13,1595,1097,7336,193,3185,1146,10453,1,215,144,431,13,332,12,15,,,,,
2020-05-05,63,1638,27815,58,1313,183000,.13,5081,.19,1779,.30000001,,.19,1201,.38,.28,.19,.12,.0099999998,.0099999998,199,109,,3,,,,15,1678,1151,8065,196,3307,1217,10966,1,224,148,461,13,339,15,15,,,,,
2020-05-06,64,851,28644,55,1367,191000,.13,5142,.18000001,1828,.28999999,,.19,1260,.38999999,.28,.19,.12,.0099999998,.0099999998,204,110,,3,,,,15,1721,1185,8241,198,3375,1228,11410,1,234,155,486,13,354,17,8,,,,,
2020-05-07,65,815,29427,51,1418,208000,.12,5238,.19,1826,.28999999,,.16,1309,.38,.28,.18000001,.12,.0099999998,.0099999998,215,119,,3,,,,16,1765,1230,8504,201,3484,1245,11690,1,242,161,503,14,370,18,8,,,,,
2020-05-08,66,883,30296,51,1468,214000,.12,5298,.17,1790,.28999999,,.16,1352,.38999999,.28999999,.18000001,.12,.0099999998,.0099999998,223,135,,3,,,,16,1802,1250,8721,206,3523,1314,12073,1,248,165,520,14,389,15,13,,,,,
2020-05-09,67,1011,31197,44,1512,227000,.12,5363,.17,,,,,1397,.38,.28999999,.19,.12,.0099999998,.0099999998,,,,3,,,,17,1855,1296,9124,207,3621,1303,12345,1,260,173,531,14,402,16,10,,,,,
2020-05-10,68,484,31677,18,1530,234000,.12,5410,.17,,,,,1412,.38,.28999999,.19,.12,.0099999998,.0099999998,,,,3,,,,18,1907,1316,9236,207,3667,1327,12526,1,263,175,539,14,404,16,10,,,,,
2020-05-11,69,591,32258,39,1569,245000,.12,5437,.17,1690,.25999999,,.15000001,1445,.38,.28999999,.18000001,.12,.0099999998,.0099999998,234,131,,3,,,,19,1936,1329,9413,209,3723,1341,12789,1,266,179,552,14,418,15,15,,,,,
2020-05-12,70,961,33180,45,1613,253000,.11,5508,.17,1731,.25999999,,.18000001,1490,.38,.28999999,.18000001,.13,.0099999998,.0099999998,,,,3,,,,20,2009,1367,9882,220,3819,1389,12964,1,271,187,567,15,432,17,13,,,,,
2020-05-13,71,1264,34428,47,1659,263000,.11,5596,.16,1763,.25,,.17,1529,.38,.28999999,.18000001,.12,.0099999998,.0099999998,257,140,,3,,,,20,2088,1405,10430,227,4078,1443,13160,1,275,190,588,15,446,14,16,,,,,
2020-05-14,72,925,35329,51,1709,272000,.11,5660,.16,1742,.25999999,,.19,1573,.38,.28999999,.18000001,.12,.0099999998,.0099999998,261,140,,3,,,,20,2126,1445,11147,252,4255,1452,12931,1,288,193,603,16,457,15,18,,,,,
2020-05-15,73,962,36259,47,1755,282000,.11,5727,.16,1733,.25,,.16,1615,.38,.28999999,.18000001,.12,.0099999998,.0099999998,,,,3,,,,22,2226,1543,11656,252,4311,1471,12959,2,292,199,620,16,469,17,17,,,,,
2020-05-16,74,1073,37303,40,1793,298000,.11,5784,.16,1648,.25999999,,.2,1659,.38999999,.28999999,.18000001,.12,.0099999998,.0099999998,,,,3,,,,24,2385,1562,12368,253,4482,1520,12825,2,299,203,640,16,482,17,14,,,,,
2020-05-17,75,694,37974,29,1821,309000,.11,5816,.16,1648,.25999999,,.19,1688,.38999999,.28999999,.18000001,.12,.0099999998,.0099999998,,,,3,,,,27,2480,1580,12467,256,4514,1542,13153,2,299,207,653,16,493,18,13,,,,,
2020-05-18,76,477,38451,18,1839,350000,.090000004,5835,.15000001,1570,.27000001,,.2,1706,.38999999,.28999999,.18000001,.12,.0099999998,.0099999998,295,156,,3,,,,28,2489,1623,12769,262,4777,1576,12935,2,303,208,659,15,501,18,13,,,,,
2020-05-19,77,1183,39573,76,1913,358000,.090000004,5914,.15000001,1549,.27000001,,.19,1722,.38999999,.28999999,.18000001,.12,.0099999998,.0099999998,300,156,,3,,,,28,2554,1664,13242,261,4884,1598,13335,2,313,218,690,15,514,20,18,,,,,
2020-05-20,78,1324,40857,57,1970,379000,.090000004,5966,.15000001,1531,.28,,.19,1826,.38999999,.28999999,.18000001,.12,.0099999998,.0099999998,314,163,1,7,,,,30,2598,1685,13861,265,5001,1641,13710,2,321,222,715,15,531,20,8,,,,,
2020-05-21,79,1204,42037,46,2016,403000,.090000004,6026,.14,1517,.25999999,,.2,1863,.38999999,.28999999,.17,.12,.0099999998,.0099999998,323,166,,7,,,,31,2645,1720,14197,266,5175,1766,14053,2,324,230,733,15,538,21,11,,,,,
2020-05-22,80,1072,43052,35,2049,412000,.090000004,6093,.14,1506,.25999999,,.19,1892,.38999999,.28999999,.17,.12,.0099999998,.0099999998,326,166,,7,,,,29,2676,1756,14519,267,5257,1856,14407,2,328,232,747,16,546,21,10,,,,,
2020-05-23,81,1032,44055,41,2090,436000,.090000004,6159,.14,1491,.25999999,,.18000001,1929,.38999999,.28999999,.17,.12,.0099999998,.0099999998,,,,7,,,,31,2704,1772,14940,265,5322,2193,14510,2,334,233,759,16,565,20,12,,,,,
2020-05-24,82,940,44988,14,2104,465000,.079999998,6177,.14,1490,.28,,.19,1941,.40000001,.28999999,.17,.12,.0099999998,.0099999998,,,,7,,,,34,2738,1792,15221,272,5400,2446,14701,2,336,233,767,16,567,20,12,,,,,
2020-05-25,83,1047,46018,12,2116,490000,.079999998,6190,.13,1440,.28,,.18000001,1949,.40000001,.28999999,.17,.12,.0099999998,.0099999998,,,,7,,,,37,2776,1833,15377,273,5456,2757,15079,2,337,234,771,16,569,20,12,,,,,
2020-05-26,84,1843,47822,27,2143,514000,.079999998,6195,.13,1443,.28,,.19,1974,.38999999,.28999999,.17,.12,.0099999998,.0099999998,,,,7,,,,39,2826,1863,16123,279,5546,3240,15471,2,343,240,779,16,574,20,14,,,,,
2020-05-27,85,933,48700,53,2195,517000,.079999998,6283,.13,1477,.27000001,,.19,2024,.40000001,.28999999,.17,.12,.0099999998,.0099999998,368,181,,7,,,,41,2841,1874,16285,280,5581,3714,15596,2,354,244,808,17,577,22,14,,,,,
2020-05-28,86,1094,49774,48,2241,531000,.079999998,6350,.13,1477,.27000001,,.19,2062,.40000001,.28999999,.17,.12,.0099999998,.0099999998,,,,7,,,,42,2869,1892,16741,280,5641,4079,15664,2,360,246,825,18,591,20,16,,,,,
2020-05-29,87,1824,51562,50,2290,564000,.079999998,6430,.12,1462,.27000001,,.2,2112,.40000001,.28999999,.17,.12,.0099999998,.0099999998,393,191,,7,,,,45,3005,1986,17279,285,5731,4485,16094,2,369,250,849,17,607,18,15,,,,,
2020-05-30,88,2112,53651,48,2338,580000,.079999998,6486,.13,1415,.28,,.19,2155,.40000001,.28,.18000001,.12,.0099999998,.0099999998,,,,7,,,,50,3057,2044,18167,287,6056,5063,16152,2,379,258,872,16,612,16,16,,,,,
2020-05-31,89,1379,54996,25,2362,598000,.079999998,6514,.12,1402,.28,,.19,2179,.41,.28,.18000001,.12,.0049999999,.0049999999,,,,7,,,,51,3058,2067,18281,289,6080,5486,16814,2,382,259,887,16,616,17,15,,,,,
2020-06-01,90,978,55968,22,2384,611000,.079999998,6528,.12,1357,.28,,.18000001,2200,.41,.28,.17,.12,.0099999998,.0099999998,411,197,4,11,,,,52,3066,2089,18406,292,6117,5843,17228,2,384,263,895,16,622,18,16,,,,,
2020-06-02,91,1202,57118,60,2443,633000,.079999998,6638,.12,1389,.27000001,,.18000001,2258,.41,.28,.17,.12,.0099999998,.0099999998,,,,11,,,,54,3119,2134,18693,301,6277,6301,17315,2,394,265,917,17,643,20,15,,,,,
2020-06-03,92,1155,58234,46,2489,646000,.079999998,6680,.11,1422,.25999999,,.17,2301,.41,.28,.17,.12,.0099999998,.0099999998,,,,11,,,,54,3142,2177,18873,304,6342,6571,17743,2,398,273,935,18,652,23,13,,,,,
2020-06-04,93,1469,59650,44,2531,659000,.079999998,6766,.11,1457,.30000001,,.20999999,2341,.41,.28,.18000001,.12,.0049999999,.0049999999,,,,11,,,,57,3248,2217,19592,293,6523,6724,17935,2,419,278,956,4,658,24,15,,,,,
2020-06-05,94,1445,61045,36,2565,671000,.079999998,6833,.11,1488,.28999999,,.2,2373,.41,.28,.18000001,.12,.0049999999,.0049999999,447,201,2,13,,,,57,3265,2233,19946,290,6567,6875,18684,2,423,279,970,5,670,24,16,,,,,
2020-06-06,95,1329,62338,56,2620,682000,.079999998,6899,.11,1462,.31,,.2,2433,.41,.28,.18000001,.12,.0049999999,.0049999999,,,,13,,,,58,3317,2258,20824,288,6661,7102,18673,2,431,286,998,6,683,27,9,,,,,
2020-06-07,96,1523,63844,25,2645,696000,.079999998,6911,.11,1451,.30000001,,.20999999,2453,.41,.28,.18000001,.12,.0049999999,.0049999999,,,,13,,,,59,3329,2264,21212,289,6699,7366,19418,2,435,289,1005,6,690,26,10,,,,,
2020-06-08,97,823,64644,10,2655,708000,.079999998,6923,.11,1399,.30000001,,.20999999,2463,.41,.28,.18000001,.12,.0049999999,.0049999999,462,205,1,14,,,,59,3339,2275,21916,292,6728,7689,19132,2,436,289,1012,6,692,26,9,,,,,
2020-06-09,98,1225,65822,56,2707,720000,.079999998,6998,.11,1453,.28999999,,.22,2512,.41,.28,.18000001,.12,.0049999999,.0049999999,,,,14,,,,59,3355,2292,22544,294,6793,7918,19298,2,440,296,1026,6,712,30,11,,,,,
2020-06-10,99,1275,67074,61,2768,732000,.079999998,7097,.11,1458,.28999999,,.2,2569,.41,.28,.17,.12,.0099999998,.0099999998,476,206,1,15,,,,60,3376,2323,22872,296,6861,8266,19606,2,445,299,1060,6,728,29,12,,,,,
2020-06-11,100,1857,68875,46,2813,746000,.079999998,7190,.11,1416,.28999999,,.2,2617,.41,.28999999,.17,.12,.0049999999,.0049999999,,,,15,,,,60,3399,2345,23715,298,6936,8363,20308,2,449,303,1078,7,749,29,9,,,,,
2020-06-12,101,1633,70476,20,2832,761000,.079999998,7250,.11,1389,.28999999,,.2,2629,.41,.28999999,.17,.11,.0099999998,.0099999998,488,211,,15,,,,61,3430,2368,24226,303,6991,8734,20828,2,452,302,1088,9,750,26,11,,,,,
2020-06-13,102,1568,72023,58,2890,768000,.090000004,7329,.11,1397,.30000001,,.20999999,2688,.41,.28999999,.17,.11,.0099999998,.0099999998,,,,15,,,,63,3449,2394,24567,306,7067,9023,21561,3,458,306,1113,9,769,30,8,,,,,
2020-06-14,103,1003,73018,17,2907,803000,.079999998,7336,.11,1383,.30000001,,.2,2700,.41,.28999999,.17,.11,.0099999998,.0099999998,,,,15,,,,62,3453,2399,24681,311,7116,9355,22005,3,460,307,1116,9,774,31,9,,,,,
2020-06-15,104,1071,73791,19,2926,825000,.079999998,7337,,1285,.31,,.23999999,2720,.41,.28999999,.17,.11,.0099999998,.0099999998,506,215,1,16,,,,62,3471,2416,25277,313,7134,9699,21778,3,461,309,1128,9,779,31,8,,,,,
2020-06-16,105,1337,75084,33,2959,841000,.079999998,7400,,1288,.31,,.25,2748,.41999999,.28,.17,.11,.0099999998,.0099999998,,,,16,,,,62,3494,2442,26039,316,7193,9906,21950,3,464,311,1144,9,783,34,13,,,,,
2020-06-17,106,2129,77189,34,2991,853000,.079999998,7481,,1420,.28,,.22,2779,.41999999,.28999999,.17,.11,.0049999999,.0049999999,520,220,,16,,,,64,3512,2467,26316,316,7273,10347,23124,3,469,313,1158,9,795,32,12,,,,,
2020-06-18,107,1051,78227,36,3027,868000,.079999998,7563,,1429,.28999999,,.22,2807,.41999999,.28999999,.17,.11,.0049999999,.0049999999,,,,16,,,,62,3523,2478,26494,314,7313,10626,23551,3,471,316,1169,9,805,34,18,,,,,
2020-06-19,108,1414,79609,38,3063,890000,.079999998,7632,,1446,.28999999,,.20999999,2844,.41999999,.28999999,.17,.11,.0049999999,.0049999999,548,222,,16,,,,63,3537,2506,26721,316,7368,11048,24063,3,476,319,1188,9,818,31,17,,,,,
2020-06-20,109,2056,81636,48,3110,916000,.079999998,7713,,1406,.28999999,,.22,2892,.41999999,.28999999,.17,.11,.0049999999,.0049999999,,,,,,,,64,3569,2535,27017,317,7440,11478,25162,3,480,321,1216,9,831,32,13,,,,,
2020-06-21,110,1784,83397,11,3120,945000,.079999998,7727,,1426,.28999999,,.20999999,2900,.41999999,.28999999,.17,.11,.0049999999,.0049999999,,,,,,,,64,3584,2547,27148,319,7491,11842,26275,3,480,321,1223,9,832,32,13,,,,,
2020-06-22,111,2571,85942,18,3137,960000,.079999998,7738,,1453,.28,,.19,2918,.41999999,.28999999,.17,.11,.0049999999,.0049999999,571,231,,,.94,.82999998,1.03,65,3616,2579,27354,329,7581,12586,27688,3,484,324,1231,9,835,32,11,,,,,
2020-06-23,112,2364,88262,34,3171,979000,.079999998,7812,,1515,.27000001,,.18000001,2951,.41999999,.28,.17,.11,.0099999998,.0099999998,,,,,,,,70,3644,2618,27671,338,7679,13074,28949,5,490,329,1252,9,831,35,12,,,,,
2020-06-24,113,1260,89490,34,3205,990000,.079999998,7876,,1556,.25999999,,.18000001,2982,.41999999,.28,.17,.11,.0099999998,.0099999998,,,,,,,,72,3690,2654,27990,345,7762,13194,29314,5,497,337,1264,10,836,33,14,,,,,
2020-06-25,114,2012,91467,42,3246,1005000,.090000004,7997,,1633,.25,,.18000001,3021,.43000001,.28,.17,.11,.0049999999,.0049999999,,,,,,,,73,3696,2677,28303,349,7837,13479,30441,5,498,340,1285,10,853,30,14,,,,,
2020-06-26,115,1809,93232,25,3267,1020000,.090000004,8085,,1676,,,,3041,.43000001,.28,.17,.11,.0049999999,.0049999999,,,,,,,,76,3721,2703,28615,351,7885,13869,31290,6,502,344,1295,10,853,31,14,,,,,
2020-06-27,116,2169,95371,23,3285,1037000,.090000004,8129,,1698,,,,3051,.43000001,.28,.17,.11,.0049999999,.0049999999,,,,,,,,79,3750,2744,28971,353,7971,14384,32238,6,508,342,1305,10,856,28,16,,,,,
2020-06-28,117,2542,97894,20,3305,1056000,.090000004,8159,,1717,,,,3076,.43000001,.27000001,.17,.11,.0099999998,.0099999998,,,,,,,,82,3794,2791,29163,356,8062,15375,33376,9,517,351,1326,9,843,21,15,,,,,
2020-06-29,118,2903,100772,22,3326,1089000,.090000004,8198,,1710,.25999999,,.17,3093,.43000001,.27000001,.17,.11,.0099999998,.0099999998,660,250,,,1.26,1.13,1.41,82,3807,2818,29462,359,8127,16825,34373,9,520,353,1335,9,848,19,19,,,,,
2020-06-30,119,2779,103529,45,3369,1107000,.090000004,8289,,1783,.25999999,,.18000001,3130,.43000001,.27000001,.17,.11,.0099999998,.0099999998,,,,,,,,81,3834,2856,29802,359,8225,17090,36177,9,522,355,1355,9,857,23,20,,,,,
2020-07-01,120,2002,105507,35,3402,1120000,.090000004,8378,,1889,.27000001,,.18000001,3158,.43000001,.27000001,.17,.11,.0099999998,.0099999998,,,,,,,,82,3861,2904,30342,367,8343,17296,36864,9,523,358,1370,9,867,22,21,,,,,
2020-07-02,121,2204,107667,55,3454,1133000,.090000004,8497,,1893,.28,,.17,3209,.43000001,.27000001,.16,.11,.0099999998,.02,,,,,,,,84,3903,2946,30758,370,8477,17447,38076,9,529,365,1394,10,875,27,19,,,,,
2020-07-03,122,2643,,,,,,,,1933,,,,,,,,,,,,,,,,,,,,,,,,,,,,,,,,,,,,,,
2020-07-04,123,3187,,,,,,,,1947,,,,,,,,,,,,,,,,,,,,,,,,,,,,,,,,,,,,,,
2020-07-05,124,1402,,,,,,8608,,1921,.28,,.18000001,,,,,,,,,,,,,,,,,,,,,,,,,,,,,,,,,,,
2020-07-06,125,1584,116570,48,3534,1199000,.090000004,8675,,1921,.28,,.18000001,3283,.44,.27000001,.16,.11,.0099999998,.0099999998,732,267,,,,,,87,4029,3170,31981,402,8982,18847,43292,9,533,368,1443,10,891,29,21,,,,,
2020-07-07,126,4015,120539,46,3579,1213000,.090000004,8887,,1969,.27000001,,.18000001,3327,.44,.27000001,.16,.11,.0099999998,.0099999998,,,,,,,,91,4089,3232,32574,413,9183,19192,45885,9,537,369,1471,11,901,29,19,,,,,
2020-07-08,127,2496,123004,65,3642,1229000,.090000004,9152,,2004,.25999999,,.17,3389,.44999999,.27000001,.16,.11,.0049999999,.0049999999,759,277,,,1.01,.88,1.16,96,4132,3310,33162,422,9351,19393,47033,9,544,372,1516,11,913,24,17,,,,,
2020-07-09,128,1777,124738,50,3689,1240000,.090000004,9392,,2037,.25999999,,.17,3434,.44999999,.27000001,.16,.11,.0049999999,.0049999999,,,,,,,,99,4158,3358,33694,428,9492,19512,47640,9,544,375,1551,12,916,27,18,,,,,
2020-07-10,129,2667,127358,51,3738,1269000,.090000004,9676,,1995,.25999999,,.17,3482,.46000001,.25999999,.16,.11,.0049999999,.0049999999,,,,,,,,101,4192,3407,34231,430,9655,19612,49105,9,547,380,1589,13,920,24,17,,,,,
2020-07-11,130,2916,130242,57,3793,1313000,.090000004,9840,,2032,.27000001,,.18000001,3529,.46000001,.25999999,.16,.11,.0049999999,.0049999999,,,,,,,,105,4264,3476,35218,434,9892,20009,50138,9,550,386,1615,13,928,28,19,,,,,
2020-07-12,131,3322,133549,18,3809,1336000,.090000004,9879,,2093,.25999999,,.19,3543,.46000001,.25999999,.16,.11,.0049999999,.0049999999,,,,,,,,112,4328,3554,36342,453,10097,20700,51105,9,550,387,1622,14,934,27,19,,,,,
2020-07-13,132,2593,136129,13,3822,1338806,.090000004,9927,,2056,.28,,.2,3553,.46000001,.25999999,.16,.11,.0049999999,.0049999999,807,288,,,,,,111,4380,3620,37344,460,10248,20964,52097,9,551,387,1627,14,937,28,22,,,,,
2020-07-14,133,4244,140307,73,3894,1387000,.090000004,10162,,2103,.27000001,,.19,3619,.46000001,.25999999,.15000001,.11,.0099999998,.0099999998,,,,,,,,115,4474,3737,38934,472,10549,21440,53426,9,558,391,1662,14,957,28,26,,,,,
2020-07-15,134,2758,143009,44,3932,1409000,.090000004,10360,,2193,.25999999,,.17,3598,.44999999,.25999999,.16,.11,.0099999998,.0099999998,833,303,,,1.0700001,.94,1.2,119,4505,3792,39552,479,10656,21662,54815,8,559,385,1625,14,946,61,82,,,,,
2020-07-16,135,4592,147468,59,3988,1440000,.090000004,10626,,2173,.27000001,,.17,3701,.46000001,.25999999,.15000001,.11,.0099999998,.0099999998,,,,,,,,123,4605,3900,41682,481,10913,21722,56415,9,569,397,1719,16,962,29,30,,,,,
2020-07-17,136,2885,150319,62,4047,1465000,.090000004,10846,,2122,.25999999,,.18000001,3760,.46000001,.25999999,.15000001,.11,.0099999998,.0099999998,,,,,,,,127,4661,3983,43150,489,11083,21791,57163,9,577,400,1758,17,971,28,29,,,,,
2020-07-18,137,2770,153041,37,4084,1491000,.090000004,11059,,2188,.28,,.18000001,3801,.47,.25999999,.15000001,.11,.0049999999,.0049999999,,,,,,,,134,4758,4094,44409,500,11277,22132,57760,9,578,409,1782,17,980,26,24,,,,,
2020-07-19,138,2848,155887,11,4095,1515000,.1,11092,,2216,.25999999,,.19,3812,.47,.25999999,.15000001,.11,.0049999999,.0049999999,,,,,,,,139,4831,4162,45434,505,11432,22584,58685,9,578,410,1787,17,985,26,24,,,,,
2020-07-20,139,3160,159045,9,4104,1540289,.1,11121,,2232,.25999999,,.19,3820,.47,.25999999,.15000001,.11,.0049999999,.0049999999,916,314,,,,,,140,4922,4250,47038,514,11636,23116,59284,9,578,410,1790,17,990,26,24,,,,,
2020-07-21,140,2741,161673,50,4154,1559000,.096000001,11371,,2218,.25999999,,.18000001,3867,.47,.25999999,.15000001,.11,.0049999999,.0049999999,,,,,,,,142,4970,4308,47927,519,11801,23214,60543,10,582,413,1820,17,997,28,26,,,,,
2020-07-22,141,3266,164870,64,4213,1579000,.1,11704,,2207,.27000001,,.19,3927,.47,.25999999,.15000001,.11,.0049999999,.0049999999,,,,,.94,.81999999,1.0700001,150,5050,4391,49160,530,12060,23333,61595,10,591,419,1855,16,1008,28,24,,,,,
2020-07-23,142,2014,166848,49,4262,1593000,.1,11960,,2210,.28,,.19,3976,.47,.25999999,.15000001,.11,.0049999999,.0049999999,,,,,,,,153,5125,4451,49937,547,12205,23534,62031,10,600,424,1882,16,1016,28,22,,,,,
2020-07-24,143,1949,168757,44,4300,1605000,.1,12095,,1928,.28999999,2470,.16,4014,.47,.25,.15000001,.11,.0099999998,.0099999998,,,,,,,,153,5187,4514,50791,552,12400,23708,62405,10,606,429,1906,19,1017,27,21,,,,,
2020-07-25,144,3628,172325,53,4351,1621670,.1,12189,,2016,.30000001,2598,.15000001,4063,.47999999,.25,.15000001,.11,.0049999999,.0049999999,,,,,,,,159,5298,4623,52836,564,12691,23925,63004,11,609,434,1938,19,1024,28,23,,,,,
2020-07-26,145,1703,173995,10,4360,1640000,.1,12215,,2033,.31,2628,.16,4069,.47999999,.25,.15000001,.11,.0049999999,.0049999999,,,,,,,,161,5337,4687,53203,573,12787,24274,63619,11,609,438,1938,19,1025,29,24,,,,,
2020-07-27,146,2039,176028,17,4375,1649000,.1,12230,,2017,.28999999,2552,.18000001,4083,.47999999,.25,.15000001,.11,.0049999999,.0049999999,989,335,,,,,,163,5391,4727,54353,575,12885,24355,64203,12,612,438,1942,19,1032,28,25,,,,,
2020-07-28,147,2708,178642,51,4426,1675000,.1,12300,,2051,.28999999,2621,.18000001,4133,.47999999,.25,.15000001,.11,.0049999999,.0049999999,,,,,,,,162,5433,4774,54846,581,12999,24507,65856,12,619,441,1976,19,1038,28,26,,,,,
2020-07-29,148,4825,183383,91,4516,1682633,.1,12473,,2045,.28,2599,.17,4223,.47999999,.25,.15000001,.11,.0049999999,.0049999999,1029,351,,,.92000002,.86000001,.98000002,164,5551,4907,57703,595,13304,24531,66810,12,632,449,2035,19,1049,27,20,,,,,
2020-07-30,149,2628,185872,41,4552,1733000,.1,12638,,2022,.27000001,2597,.17,4260,.47999999,.25,.15000001,.11,.0049999999,.0049999999,,,,,,,,165,5623,4974,59065,594,13442,24458,67660,12,639,452,2050,19,1060,28,17,,,,,
2020-07-31,150,2651,188481,69,4621,1760000,.1,12774,,2002,.28999999,2568,.18000001,4321,.47999999,.25,.15000001,.11,.0049999999,.0049999999,,,,,,,,169,5696,5042,60342,598,13578,24356,68645,12,649,458,2087,19,1069,27,18,,,,,
2020-08-01,151,2303,190693,50,4669,1779000,.1,12956,,1904,.30000001,,.18000001,4365,.47999999,.25,.15000001,.11,.0049999999,.0049999999,,,,,,,,170,5751,5115,61795,600,13711,24208,69228,12,653,465,2112,19,1077,27,19,,,,,
2020-08-02,152,1856,192167,23,4692,1790586,.1,12998,,1856,.31,,.18000001,4407,.47999999,.25,.15000001,.11,.0049999999,.0049999999,,,,,,,,172,5792,5148,62367,603,13776,24219,69811,12,657,468,2125,20,1079,26,20,,,,,
2020-08-03,153,1634,193788,12,4701,1804698,.1,13034,,1784,.30000001,,.18000001,4407,.47999999,.25,.15000001,.11,.0049999999,.0049999999,1127,363,,,,,,173,5825,5183,63328,606,13861,24272,70251,12,659,469,2130,20,1080,27,18,,,,,
2020-08-04,154,1901,195614,57,4758,1818000,.1,13271,,1757,.31,,,4453,.49000001,.23999999,.15000001,.11,.0049999999,.0049999999,,,,,,,,175,5875,5240,64316,607,13990,24264,70769,12,666,475,2168,18,1085,29,18,,,,,
2020-08-05,155,2347,197912,68,4825,1839000,.1,13470,,1768,.30000001,,.18000001,4520,.49000001,.23999999,.15000001,.11,.0049999999,.0049999999,1178,,,,.91000003,.82999998,.99000001,176,5960,5325,65470,609,14212,24514,71261,12,676,479,2207,18,1100,28,17,,,,,
2020-08-06,156,3290,201106,48,4869,1860000,.1,13613,,1741,.28999999,,,4562,.49000001,.23999999,.15000001,.11,.0049999999,.0049999999,,,,,,,,178,6031,5393,66703,613,14387,24612,72539,12,686,483,2237,16,1101,27,16,,,,,
2020-08-07,157,3116,204167,53,4918,1893000,.1,13767,,1680,.30000001,,,4610,.49000001,.23999999,.15000001,.1,.0099999998,.0099999998,,,,,,,,179,6105,5476,67805,620,14601,24807,73830,12,694,483,2264,16,1113,28,17,,,,,
2020-08-08,158,2645,206761,51,4967,1914731,.1,13867,,1610,.31,,,4659,.49000001,.23999999,.15000001,.1,.0099999998,.0099999998,,,,,,,,179,6208,5559,68945,623,14801,24898,74713,11,704,487,2293,16,1120,28,16,,,,,
2020-08-09,159,1789,208528,10,4977,1932963,.1,13886,,1568,.31,,,4685,.49000001,.23999999,.15000001,.1,.0099999998,.0099999998,,,,,,,,180,6258,5591,69752,626,14929,24996,75344,11,706,487,2301,16,1121,28,15,,,,,
2020-08-10,160,1920,210424,19,4996,1952000,.1,13916,,1514,.31,,.18000001,4688,.49000001,.23999999,.15000001,.1,.0099999998,.0099999998,1246,381,,,,,,181,6289,5654,70470,630,15061,25212,76040,11,706,489,2313,16,1125,28,16,,,,,
2020-08-11,161,1440,211808,63,5057,1965000,.1,14073,,1524,.31999999,,,4746,.49000001,.23999999,.15000001,.1,.0099999998,.0099999998,,,,,,,,182,6352,5701,71015,636,15163,25251,76502,11,716,490,2345,16,1138,30,17,,,,,
2020-08-12,162,2428,214197,58,5109,1984394,.1,14231,,1538,.31999999,,.19,4801,.5,.23999999,.15000001,.1,.0049999999,.0049999999,1278,,,,.86000001,.79000002,.93000001,182,6423,5767,71945,645,15317,25432,77143,11,725,492,2380,18,1149,26,13,,,,,
2020-08-13,163,1999,216139,64,5171,2012000,.1,14398,,1481,.31999999,,,4857,.5,.23999999,.15000001,.1,.0049999999,.0049999999,,,,,,,,184,6501,5867,72861,652,15500,25919,77226,12,732,495,2416,17,1159,26,16,,,,,
2020-08-14,164,2642,218693,45,5214,2037000,.1,14561,,1415,.33000001,,,4904,.5,.23999999,.15000001,.1,.0049999999,.0049999999,,,,,,,,187,6552,5949,73807,659,15684,26145,78107,12,737,499,2442,18,1168,28,11,,,,,
2020-08-15,165,2103,220762,35,5245,2063000,.1,14771,,1393,.33000001,,,4932,.5,.23999999,.15000001,.1,.0049999999,.0049999999,,,,,,,,187,6611,6016,74582,663,15813,26196,78953,12,738,499,2465,18,1170,30,13,,,,,
2020-08-16,166,1192,221950,9,5254,2078000,.1,14778,,1357,.31999999,,,4942,.5,.23999999,.15000001,.1,.0049999999,.0049999999,,,,,,,,188,6645,6044,74908,663,15898,26287,79471,12,738,500,2470,18,1173,31,11,,,,,
2020-08-17,167,1185,223131,19,5273,2093000,.1,14783,,1341,.33000001,,.19,4960,.5,.23999999,.15000001,.1,.0049999999,.0049999999,1348,,,,,,,188,6687,6098,75390,666,16001,26361,79873,12,743,501,2479,16,1178,31,12,,,,,
2020-08-18,168,1003,224031,64,5335,2103000,.1,15030,,1352,.31999999,,,5022,.5,.23999999,.15000001,.1,.0049999999,.0049999999,,,,,,,,187,6715,6117,75717,667,16071,26330,80258,11,756,506,2506,16,1192,35,12,,,,,
2020-08-19,169,1956,225827,61,5392,2121000,.1,15250,,1378,.31999999,,.19,5072,.5,.23999999,.15000001,.1,.0049999999,.0049999999,1380,,,,.92000002,.82999998,1.01,187,6766,6185,76615,666,16213,26341,80811,10,762,512,2535,16,1204,33,14,,,,,
2020-08-20,170,1603,227346,57,5446,2136000,.1,15443,,1378,.31,,,5123,.5,.23999999,.15000001,.1,.0049999999,.0049999999,,,,,,,,188,6805,6229,77396,667,16336,26373,81220,10,767,519,2565,16,1214,32,13,,,,,
2020-08-21,171,1759,229054,46,5491,2154000,.1,15699,,1347,.31999999,,,5167,.5,.23999999,.15000001,.1,.0049999999,.0049999999,,,,,,,,188,6840,6279,78244,670,16492,26355,81796,10,769,525,2590,17,1225,31,13,,,,,
2020-08-22,172,1644,230662,48,5537,2168595,.1,15816,,1280,.33000001,,,5209,.5,.23999999,.15000001,.1,.0049999999,.0049999999,,,,,,,,188,6894,6343,79082,675,16635,26429,82132,10,774,527,2618,17,1235,28,16,,,,,
2020-08-23,173,1098,231695,8,5545,2182882,.1,15822,,1247,.33000001,,,5217,.5,.23999999,.15000001,.1,.0049999999,.0049999999,,,,,,,,189,6920,6361,79378,678,16720,26472,82583,10,775,527,2625,17,1235,28,16,,,,,
2020-08-24,174,1198,232893,13,5558,2195000,.1,15833,,1219,.31999999,,.18000001,5231,.5,.23999999,.15000001,.1,.0049999999,.0049999999,1498,422,,,,,,189,6940,6388,79723,679,16819,26551,83202,10,776,527,2633,17,1240,28,15,,,,,
2020-08-25,175,989,233777,51,5605,2207000,.1,16072,,1200,.31999999,,,5277,.5,.23999999,.15000001,.1,.0049999999,.0049999999,,,,,,,,191,6972,6434,80214,679,16946,26543,83352,10,779,529,2662,17,1251,29,14,,,,,
2020-08-26,176,1642,235386,58,5663,2221000,.1,16286,,1186,.31999999,,,5330,.5,.23999999,.15000001,.1,.0049999999,.0049999999,1546,,,,.92000002,.85000002,.99000001,191,7012,6482,81013,682,17139,26547,83769,10,789,534,2690,15,1266,26,14,,,,,
2020-08-27,177,1636,236986,38,5701,2241000,.1,16418,,1168,.31999999,,,5368,.50999999,.23999999,.15000001,.1,.0049999999,.0049999999,,,,,,,,196,7054,6522,81796,681,17269,26557,84316,10,796,536,2715,15,1269,27,13,,,,,
2020-08-28,178,1509,238458,31,5732,2257000,.1,16450,,1168,.31999999,,,5397,.50999999,.23999999,.15000001,.1,.0049999999,.0049999999,,,,,,,,198,7096,6563,82422,683,17415,26609,84783,10,802,541,2727,15,1275,27,15,,,,,
2020-08-29,179,1339,239756,27,5759,2272000,.1,16476,,1116,.31999999,,,5423,.50999999,.23999999,.15000001,.1,.0049999999,.0049999999,,,,,,,,198,7124,6596,83050,683,17528,26561,85234,11,805,541,2745,15,1278,28,13,,,,,
2020-08-30,180,1030,240749,10,5769,2282000,.1,16479,,1089,.31999999,,,5429,.50999999,.23999999,.15000001,.1,.0049999999,.0049999999,,,,,,,,198,7143,6625,83383,683,17608,26615,85640,11,805,541,2751,16,1277,28,13,,,,,
2020-08-31,181,1022,241768,16,5784,2296000,.1,16482,,1043,.33000001,,.19,5443,.50999999,.23999999,.15000001,.1,.0049999999,.0049999999,1583,441,,40,,,,198,7168,6660,83755,683,17719,26707,86018,11,805,543,2759,15,1283,27,14,,,,,
2020-09-01,182,840,242521,45,5829,2305085,.1,16542,,1057,.33000001,,,5486,.50999999,.23999999,.15000001,.1,.0049999999,.0049999999,,,,,,,,198,7199,6701,84122,685,17839,26675,86202,11,812,544,2781,15,1295,28,16,,,,,
2020-09-02,183,1457,243935,51,5878,2317851,.1,16667,,1048,.31,,.17,5535,.50999999,.23,.15000001,.1,.0049999999,.0049999999,,,,,.94,.83999997,1.04,202,7249,6767,84865,686,17972,26606,86527,11,823,549,2809,15,1300,28,15,,,,,
2020-09-03,184,1193,244999,61,5932,2332000,.1,16839,,1062,.30000001,,,5576,.50999999,.23999999,.15000001,.1,.0049999999,.0049999999,,,,,,,,204,7289,6823,85517,695,18102,26540,86699,11,829,550,2825,15,1318,28,18,,,,,
2020-09-04,185,1439,246407,47,5977,2347000,.1,17108,,992,.30000001,,,5622,.50999999,.23999999,.15000001,.1,.0049999999,.0049999999,,,,,,,,207,7332,6906,86222,693,18247,26483,87091,11,834,552,2853,15,1329,28,15,,,,,
2020-09-05,186,1196,247542,24,6000,2360795,.1,17267,,984,.31999999,,,5642,.50999999,.23999999,.15000001,.1,.0049999999,.0049999999,,,,,,,,210,7360,6969,86886,694,18379,26494,87274,10,835,553,2867,15,1334,28,14,,,,,
2020-09-06,187,798,248334,5,6005,2373050,.1,17270,,966,.31999999,,,5647,.50999999,.23999999,.15000001,.1,.0049999999,.0049999999,,,,,,,,211,7373,6985,87100,697,18423,26506,87678,10,836,553,2870,15,1335,28,14,,,,,
2020-09-07,188,494,248821,25,6030,2380000,.1,17278,,943,.31999999,,,5672,.50999999,.23999999,.15000001,.1,.0049999999,.0049999999,,,,,,,,211,7381,7005,87195,697,18469,26570,87927,10,838,555,2886,15,1338,30,14,,,,,
2020-09-08,189,439,249241,7,6036,2385000,.1,17281,,942,.33000001,,,5677,.50999999,.23999999,.15000001,.1,.0049999999,.0049999999,,,,,,,,211,7392,7027,87278,698,18513,26636,88119,10,839,556,2892,15,1335,30,15,,,,,
2020-09-09,190,671,249859,61,6090,2393000,.1,17546,,936,.33000001,,.18000001,5728,.50999999,.23999999,.15000001,.1,.0049999999,.0049999999,1656,,,,.93000001,.85000002,1,212,7420,7067,87688,698,18576,26574,88224,10,842,564,2921,15,1343,33,18,,,,,
2020-09-10,191,1239,251024,42,6128,2406000,.1,17810,,940,.33000001,,,5765,.50999999,.23999999,.15000001,.1,.0049999999,.0049999999,,,,,,,,212,7457,7109,88402,702,18712,26522,88416,10,845,569,2941,17,1348,35,19,,,,,
2020-09-11,192,1115,252066,43,6171,2419000,.1,18075,,889,.33000001,,,5806,.50999999,.23,.15000001,.1,.0049999999,.0049999999,,,,,,,,215,7502,7152,89030,705,18823,26450,88646,10,853,570,2958,17,1363,35,18,,,,,
2020-09-12,193,1177,253176,29,6197,2436000,.1,18271,,877,.33000001,,,5826,.50999999,.23,.15000001,.1,.0049999999,.0049999999,,,,,,,,218,7542,7220,89643,710,18966,26431,88844,11,853,574,2974,16,1365,33,18,,,,,
2020-09-13,194,816,253985,11,6208,2448000,.1,18284,,793,.34999999,,,5836,.50999999,.23,.15000001,.1,.0049999999,.0049999999,,,,,,,,221,7564,7248,89919,713,19071,26522,89081,11,854,574,2980,17,1367,33,18,,,,,
2020-09-14,195,733,254656,24,6231,2459000,.1,18289,,775,.34,,.18000001,5859,.50999999,.23,.15000001,.1,.0049999999,.0049999999,,,,,,,,222,7591,7262,90193,716,19126,26581,89319,11,855,573,2997,17,1374,32,18,,,,,
2020-09-15,196,474,255049,47,6273,2465000,.1,18554,,772,.33000001,,,5899,.50999999,.23,.15000001,.1,.0049999999,.0049999999,,,,,,,,223,7600,7287,90501,716,19203,26534,89310,11,858,576,3022,18,1381,33,19,,,,,
2020-09-16,197,1148,256148,31,6303,2477000,.1,18855,,804,.30000001,,.18000001,5928,.50999999,.23,.15000001,.1,.0049999999,.0049999999,,,,,.94999999,.85000002,1.05,225,7647,7327,91190,715,19326,26456,89512,11,864,580,3034,18,1388,33,19,,,,,
2020-09-17,198,1160,257271,38,6324,2494000,.1,19141,,780,.31,,,5950,.50999999,.23,.15000001,.1,.0049999999,.0049999999,,,,,,,,229,7689,7363,91841,719,19453,26396,89785,11,867,578,3052,18,1391,33,16,,,,,
2020-09-18,199,1281,258516,22,6330,2512000,.1,19448,,739,.31,,,5955,.50999999,.23,.15000001,.1,.0049999999,.0049999999,,,,,,,,230,7729,7422,92477,724,19600,26426,90040,11,870,578,3060,19,1384,33,17,,,,,
2020-09-19,200,1343,259817,13,6330,2529785,.1,19580,,732,.31,,,5954,.50999999,.23,.15000001,.1,.0049999999,.0049999999,,,,,,,,232,7771,7457,93069,732,19731,26509,90377,11,870,580,3057,20,1382,34,18,,,,,
2020-09-20,201,991,260797,23,6353,2542479,.1,19586,,765,.30000001,,,5976,.50999999,.23,.15000001,.1,.0049999999,.0049999999,,,,,,,,233,7793,7495,93346,736,19811,26594,90775,11,872,585,3066,20,1388,34,18,,,,,
2020-09-21,202,652,261446,16,6366,2552000,.090000004,19595,,749,.28,,.16,5989,.50999999,.23,.15000001,.1,.0049999999,.0049999999,,,,,,,,236,7810,7512,93576,737,19880,26655,91015,11,875,586,3072,20,1391,34,18,,,,,
2020-09-22,203,810,262133,40,6401,2563000,.090000004,19966,,745,.28,,,6022,.50999999,.23,.15000001,.1,.0049999999,.0049999999,,,,,,,,237,7837,7545,93931,740,19966,26637,91160,12,880,591,3087,20,1397,35,19,,,,,
2020-09-23,204,1265,263333,31,6423,2576000,.090000004,20231,,779,.28,,.16,6044,.50999999,.23,.15000001,.1,.0049999999,.0049999999,1742,,,,1.02,.94999999,1.09,236,7873,7580,94543,738,20113,26648,91451,12,881,592,3104,21,1404,30,19,,,,,
2020-09-24,205,1165,264414,39,6455,2592000,.090000004,20523,,753,.28,,,6074,.50999999,.23,.15000001,.1,.0049999999,.0049999999,,,,,,,,235,7920,7620,95027,736,20239,26667,91744,12,887,597,3119,20,1408,31,19,,,,,
2020-09-25,206,1401,265775,34,6488,2609000,.090000004,20812,,760,.28,,,6106,.50999999,.23,.15000001,.1,.0049999999,.0049999999,,,,,,,,239,7966,7665,95597,741,20380,26735,92175,12,890,599,3135,20,1418,32,17,,,,,
2020-09-26,207,1236,266988,18,6504,2624000,.090000004,20999,,715,.28999999,,,6120,.50999999,.23,.15000001,.1,.0049999999,.0049999999,,,,,,,,243,8002,7715,96053,747,20518,26826,92568,12,896,601,3136,21,1422,32,17,,,,,
2020-09-27,208,815,267801,10,6514,2636000,.090000004,21005,,692,.28999999,,,6130,.50999999,.23,.15000001,.1,.0049999999,.0049999999,,,,,,,,243,8022,7729,96256,748,20853,26878,92984,12,897,601,3141,21,1426,32,17,,,,,
2020-09-28,209,663,268455,1,6515,2646000,.090000004,21007,,689,.34,,.16,6131,.50999999,.23,.15000001,.1,.0049999999,.0049999999,,,,,,,,243,8037,7745,96481,749,20636,26912,93290,12,897,601,3141,21,1427,32,17,,,,,
2020-09-29,210,905,269284,39,6551,2654000,.090000004,21199,,714,.34,,,6165,.50999999,.23,.15000001,.1,.0049999999,.0049999999,,,,,,,,244,8062,7779,96758,750,20730,27009,93544,12,900,603,3160,21,1436,33,19,,,,,
2020-09-30,211,1063,270299,30,6576,2662000,.090000004,21475,,734,.28,,.15000001,6190,.50999999,.23,.15000001,.1,.0049999999,.0049999999,1802,,,,1,.89999998,1.0700001,245,8096,7816,97260,753,20833,27020,93808,12,902,607,3183,21,1432,33,17,,,,,
2020-10-01,212,1148,271371,35,6610,2677000,.090000004,21791,,746,.27000001,,,6223,.50999999,.23,.15000001,.1,.0049999999,.0049999999,,,,,,,,248,8130,7852,97726,757,20928,27035,94165,12,906,610,3200,21,1441,33,17,,,,,
2020-10-02,213,1324,272653,21,6626,2693000,.090000004,21973,,730,.27000001,,,6235,.50999999,.23,.15000001,.1,.0049999999,.0049999999,,,,,,,,251,8159,7896,98160,759,21063,27030,94733,12,910,611,3207,21,1442,32,18,,,,,
2020-10-03,214,1062,273638,17,6642,2700000,.090000004,21976,,698,.28999999,,,6252,.50999999,.23,.15000001,.1,.0049999999,.0049999999,,,,,,,,250,8192,7917,98524,763,21202,27081,95101,12,912,616,3213,22,1445,32,17,,,,,
2020-10-04,215,933,274565,5,6647,2719000,.090000004,22141,,673,.28,,,,,,,,,,,,,,,,,250,8219,7935,98767,765,21263,27132,95565,12,913,616,3218,22,1446,32,15,,,,,
2020-10-05,216,472,274942,7,6654,2727000,.090000004,22154,,674,.27000001,,,6265,.50999999,.23,.15000001,.1,.0049999999,.0049999999,,,,,,,,248,8227,7938,98896,764,21294,27150,95754,12,913,616,3220,22,1448,34,16,,,,,
2020-10-06,217,990,275856,30,6681,2737000,.090000004,22249,,685,.28999999,,,6290,.50999999,.23,.15000001,.1,.0049999999,.0049999999,1846,,,42,,,,248,8239,7962,99179,768,21384,27199,96130,12,916,616,3235,22,1453,36,17,,,,,
2020-10-07,218,1645,277445,30,6709,2755000,.090000004,22368,,696,.28,,.15000001,6316,.50999999,.23,.15000001,.1,.0049999999,.0049999999,1846,,,,.99000001,.91000003,1.0599999,251,8293,8025,99746,775,21546,27406,96592,12,919,617,3248,22,1462,36,16,,,,,
2020-10-08,219,1280,278665,21,6726,2770000,.090000004,22583,,709,.28,,,6333,.50999999,.23,.15000001,.1,.0049999999,.0049999999,,,,,,,,251,8328,8050,100198,777,21681,27532,96995,12,922,618,3258,20,1465,38,16,,,,,
2020-10-09,220,1256,279909,13,6741,2779000,.090000004,22715,,724,.25999999,,,6346,.50999999,.23,.15000001,.1,.0049999999,.0049999999,,,,,,,,252,8367,8082,100693,777,21804,27585,97428,12,922,618,3264,20,1471,39,17,,,,,
2020-10-10,221,1285,281165,28,6768,2801000,.090000004,22872,,701,.25999999,,,6373,.50999999,.23,.14,.1,.0099999998,.0099999998,,,,,,,,252,8405,8120,101204,781,21925,27722,97755,12,924,620,3278,20,1480,39,17,,,,,
2020-10-11,222,971,282135,3,6771,2816000,.090000004,22877,,715,.25999999,,,,,,,,,,,,,,,,,252,8418,8137,101522,783,22015,27785,98181,12,924,620,3278,20,1480,39,17,,,,,
2020-10-12,223,881,282982,2,6773,2826000,.090000004,22879,,693,.25999999,,,6378,.50999999,.23,.14,.1,.0099999998,.0099999998,,,,,,,,252,8449,8151,101814,784,22079,27830,98581,12,924,620,3279,20,1483,40,16,,,,,
2020-10-13,224,790,283750,18,6790,2838000,.090000004,22896,,692,.27000001,,,6397,.50999999,.23,.14,.1,.0099999998,.0099999998,,,,,,,,252,8459,8160,101903,786,22132,27847,99128,12,925,619,3288,20,1491,42,14,,,,,
2020-10-14,225,1349,285016,22,6812,2851000,.090000004,22937,,720,.27000001,,.13,6413,.50999999,.23,.14,.1,.0099999998,.0099999998,1889,,,45,1.05,.95999998,1.12,256,8499,8186,102470,789,22252,27911,99527,12,928,619,3298,20,1495,41,17,,,,,
2020-10-15,226,1233,286183,24,6834,2866000,.090000004,22986,,723,.27000001,,,6430,.50999999,.23,.14,.1,.0099999998,.0099999998,,,,,,,,258,8534,8232,103013,789,22401,27924,99855,12,929,620,3305,20,1504,40,21,,,,,
2020-10-16,227,1072,287222,27,6855,2878000,.090000004,23029,,735,.25999999,,,6451,.50999999,.23,.14,.1,.0099999998,.0099999998,,,,,,,,258,8564,8255,103614,788,22487,27924,100121,12,935,622,3314,20,1508,40,21,,,,,
2020-10-17,228,953,288136,10,6863,2890000,.090000004,23060,,746,.23999999,,,6460,.50999999,.23999999,.14,.1,.0049999999,.0049999999,,,,,,,,260,8595,8280,104175,788,22572,27912,100307,12,935,621,3321,20,1511,40,19,,,,,
2020-10-18,229,358,288451,13,6876,2890000,.090000004,23065,,752,.27000001,,,,,,,,,,,,,,,,,260,8613,8291,104264,788,22588,27925,100430,12,936,621,3330,20,1514,40,19,,,,,
2020-10-19,230,923,289366,1,6877,2894000,.090000004,23071,,722,.27000001,,,6474,.50999999,.23,.14,.1,.0099999998,.0099999998,,,,,,,,261,8637,8320,104608,790,22681,28023,100753,12,937,621,3330,20,1514,40,19,,,,,
2020-10-20,231,713,290009,39,6912,2913000,.090000004,23099,,730,.30000001,,,6504,.50999999,.23,.14,.1,.0099999998,.0099999998,,,,,,,,264,8662,8349,104909,791,22784,28142,100760,12,939,626,3349,21,1519,38,24,,,,,
2020-10-21,232,510,290486,33,6944,2913000,.090000004,23168,,758,.28,,.14,6538,.51999998,.23,.14,.1,.0049999999,.0049999999,1979,,,,1.04,.97000003,1.11,264,8691,8364,105192,791,22840,28130,100768,13,943,631,3368,21,1526,36,22,,,,,
2020-10-22,233,3600,294065,18,6956,2937000,.090000004,23353,,777,.28999999,,,6552,.51999998,.23,.14,.1,.0049999999,.0049999999,,,,,,,,268,8782,8460,106448,805,23163,28471,102150,14,944,631,3376,21,1531,35,20,,,,,
2020-10-23,234,2773,296821,23,6974,2991000,.090000004,23616,,769,.28999999,,,6570,.51999998,.23,.14,.1,.0049999999,.0049999999,,,,,,,,272,8871,8576,107841,809,23557,28850,102454,15,949,631,3386,21,1533,35,20,,,,,
2020-10-24,235,2173,298937,17,6989,3000000,.090000004,23783,,770,.28999999,,,6583,.51999998,.23,.14,.1,.0049999999,.0049999999,,,,,,,,272,8911,8637,108712,813,23753,29006,103133,15,951,630,3394,21,1536,36,22,,,,,
2020-10-25,236,830,299760,4,6993,3028000,.090000004,23816,,785,.28999999,,,,,,,,,,,,,,,,,273,8925,8656,108909,814,23816,29071,103526,15,952,630,3397,21,1535,36,23,,,,,
2020-10-26,237,861,300614,8,7000,3029000,.090000004,23820,,767,.28999999,,,6594,.51999998,.23,.14,.1,.0049999999,.0049999999,1979,,,47,,,,274,8944,8681,109097,816,23887,29191,103954,15,952,630,3400,21,1537,39,22,,,,,
2020-10-27,238,1586,302077,29,7027,3046000,.090000004,24002,,747,.27000001,,,6620,.51999998,.23,.14,.1,.0049999999,.0049999999,,,,,,,,273,8944,8722,110011,816,24047,29215,104181,15,952,633,3419,21,1543,37,23,,,,,
2020-10-28,239,1351,303369,20,7040,3061000,.090000004,24239,,755,.28,,,6633,.51999998,.23,.14,.1,.0049999999,.0049999999,2048,,,,.94999999,.83999997,1.05,273,9040,8779,110852,822,24234,29256,104270,15,951,636,3422,20,1552,37,23,,,,,
2020-10-29,240,1745,305070,19,7044,3080000,.090000004,24391,,750,.31,,,6635,.51999998,.23,.14,.1,.0049999999,.0049999999,,,,,,,,276,9106,8837,111749,831,24464,29368,104445,15,954,636,3426,20,1547,37,22,,,,,
2020-10-30,241,1296,306327,26,7056,3101000,.090000004,24587,,743,.30000001,,,6649,.51999998,.23,.14,.1,.0049999999,.0049999999,,,,,,,,278,9159,8886,112492,836,24670,29410,104547,16,955,637,3438,20,1547,36,20,,,,,
2020-10-31,242,1326,307618,15,7071,3100000,.090000004,24670,,783,.28,,,6663,.51999998,.23,.14,.1,.0049999999,.0049999999,,,,,,,,278,9204,8940,113309,835,24850,29428,104664,16,958,639,3443,20,1551,36,20,,,,,
2020-11-01,243,1590,309190,4,7074,3140000,.090000004,24672,,799,.28,,,,,,,,,,,,,,,,,279,9249,8978,113882,838,25042,29628,105102,16,958,639,3445,20,1552,36,20,,,,,
2020-11-02,244,1406,310595,2,7076,3160000,.090000004,24683,,777,.28999999,,,6668,.51999998,.23,.14,.1,.0049999999,.0049999999,,,,,,,,279,9288,9017,114430,843,25203,29806,105530,16,958,639,3445,20,1554,36,20,,,,,
2020-11-03,245,1224,311745,23,7097,3164000,.090000004,24785,,798,.28,,,6687,.51999998,.23,.14,.1,.0049999999,.0049999999,,,,,,,,279,9321,9040,114758,845,25320,29861,106111,16,959,641,3453,20,1560,38,22,,,,,
2020-11-04,246,1843,313562,22,7117,3182000,.090000004,24984,,817,.28999999,,,6707,.51999998,.23,.14,.1,.0049999999,.0049999999,,,,,1.02,.94999999,1.0700001,280,9383,9080,115629,843,25500,29976,106526,16,961,641,3462,20,1568,39,22,,,,,
2020-11-05,247,2065,315564,25,7140,3200000,.090000004,25178,,825,.28999999,,,6731,.51999998,.23,.14,.1,.0049999999,.0049999999,,,,,,,,287,9485,9158,116493,856,25749,30207,106940,16,963,642,3475,20,1575,40,20,,,,,
2020-11-06,248,2108,317656,23,7157,3220000,.090000004,25354,,821,.28999999,,,6748,.51999998,.23,.14,.1,.0049999999,.0049999999,,,,,,,,289,9549,9246,117611,861,26038,30385,107237,16,963,645,3484,20,1581,39,20,,,,,
2020-11-07,249,2418,319977,15,7170,3237000,.090000004,25419,,840,.30000001,,,6760,.51999998,.23,.14,.1,.0049999999,.0049999999,,,,,,,,289,9614,9324,118677,865,26300,30526,107902,16,964,645,3491,20,1585,39,20,,,,,
2020-11-08,250,2238,322207,2,7172,3257000,.090000004,25441,,851,.28999999,,,,,,,,,,,,,,,,,290,9689,9393,119660,874,26571,30739,108420,16,964,646,3493,20,1585,39,19,,,,,
2020-11-09,251,1431,323625,5,7177,3270000,.090000004,25452,,855,.28999999,,,6767,.51999998,.23,.14,.1,.0049999999,.0049999999,,,,,,,,291,9727,9428,120352,879,26725,30849,108791,16,963,647,3495,20,1586,40,20,,,,,
2020-11-10,252,2318,325876,25,7200,3282000,.090000004,25634,,888,.28,,,6789,.51999998,.23,.14,.1,.0049999999,.0049999999,,,,,,,,292,9799,9481,121097,886,26892,30999,109707,16,964,649,3507,20,1593,40,21,,,,,
2020-11-11,253,2152,327964,22,7216,3302000,.090000004,25845,,903,.28,,,,,,,,,,,,,,,,,296,9869,9575,122188,899,27178,31208,109870,16,966,650,3521,20,1594,40,17,,,,,
2020-11-12,254,2533,330450,7,7221,3320000,.090000004,25873,,953,.28,,.14,6810,.51999998,.23,.14,.1,.0049999999,.0049999999,2146,,,,1.03,.97000003,1.09,301,9949,9643,123293,901,27471,31470,110447,16,967,649,3524,20,1594,40,17,,,,,
2020-11-13,255,2481,332865,28,7246,3337964,.090000004,26138,,942,.28,,,6835,.51999998,.23,.14,.1,.0049999999,.0049999999,,,,,,,,304,10051,9722,124214,912,27745,31662,111216,16,970,650,3538,20,1601,40,17,,,,,
2020-11-14,256,3780,336549,20,7266,3365000,.090000004,26378,,966,.28,,,6856,.51999998,.23,.14,.090000004,.0099999998,.0099999998,,,,,,,,310,10182,9850,126204,932,28186,31998,111736,16,970,651,3550,20,1606,43,16,,,,,
2020-11-15,257,3061,339560,3,7269,3386000,.090000004,26390,,1014,.27000001,,,,,,,,,,,,,,,,,311,10279,9933,127254,954,28448,32396,112712,16,970,652,3550,20,1607,43,16,,,,,
2020-11-16,258,2795,342343,6,7275,3410000,.090000004,26402,,1049,.28,,,6864,.51999998,.23,.14,.1,.0049999999,.0049999999,,,,,,,,314,10363,10004,128713,962,28722,32692,113290,16,970,653,3551,20,1611,43,16,,,,,
2020-11-17,259,2301,344523,25,7299,3420000,.090000004,26532,,1126,.27000001,,,6886,.51999998,.23,.14,.1,.0049999999,.0049999999,,,,,,,,316,10473,10113,129999,967,28990,32876,113360,17,975,653,3567,20,1609,45,18,,,,,
2020-11-18,260,3944,348336,36,7335,3440000,.090000004,26763,,1188,.27000001,,.15000001,6920,.51999998,.23,.14,.1,.0049999999,.0049999999,2232,,,,1.1799999,1.1,1.27,319,10630,10246,131690,980,29331,33091,114402,17,979,655,3585,20,1619,45,19,,,,,
2020-11-19,261,5031,353232,29,7363,3473000,.090000004,26887,,1238,.28,,,6947,.51999998,.23,.14,.090000004,.0099999998,.0099999998,,,,,,,,323,10849,10392,134102,997,29915,33512,115295,17,984,656,3607,20,1619,44,18,,,,,
2020-11-20,262,4272,357451,35,7396,3500000,.090000004,26932,,1298,.27000001,,,6989,.51999998,.23,.14,.090000004,.0099999998,.0099999998,,,,,,,,326,10993,10495,135769,1011,30332,33829,116602,17,987,661,3618,20,1633,44,16,,,,,
2020-11-21,263,4522,361869,34,7429,3530000,.1,27016,,1391,.25999999,,,7012,.51999998,.23,.14,.090000004,.0099999998,.0099999998,,,,,,,,330,11153,10660,137846,1022,30826,34215,117537,17,989,663,3634,20,1644,45,16,,,,,
2020-11-22,264,2718,364520,9,7438,3542000,.1,27030,,1401,.25999999,,,,,,,,,,,,,,,,,333,11241,10729,138766,1033,31084,34559,118340,17,990,664,3638,20,1647,44,17,,,,,
2020-11-23,265,6124,370636,8,7446,3583000,.1,27061,,1473,.27000001,,,7028,.51999998,.23,.14,.090000004,.0099999998,.0099999998,,,,,,,,340,11505,10901,141591,1060,31821,35399,119521,17,990,666,3642,20,1649,44,17,,,,,
2020-11-24,266,3692,374134,51,7497,3600000,.1,27228,,1575,.25999999,,,7077,.51999998,.23,.14,.090000004,.0099999998,.0099999998,,,,,,,,342,11642,11019,143193,1078,32234,35742,120253,17,996,667,3671,21,1660,45,18,,,,,
2020-11-25,267,4311,378323,49,7543,3625000,.1,27501,,1682,.25,,,7118,.51999998,.23999999,.14,.090000004,.0099999998,.0099999998,,,,,1.27,1.17,1.41,357,11745,11111,143859,1091,32634,36457,122093,17,1000,671,3694,21,1674,41,19,,,,,
2020-11-26,268,5087,383275,37,7580,3654454,.1,27757,,1809,.23999999,,,,,,,,,,,,,,,,,392,11967,11251,145378,1115,33433,37059,123666,17,1006,672,3715,21,1684,40,19,,,,,
2020-11-27,269,4751,387793,24,7604,3681714,.1,27822,,1893,.23999999,,,,,,,,,,,,,,,,,403,12139,11392,146919,1126,33961,37465,125374,17,1008,675,3726,21,1689,42,20,,,,,
2020-11-28,270,3143,390891,19,7623,3695000,.1,27875,,1951,.25,,,7196,.51999998,.23999999,.14,.090000004,.0099999998,.0099999998,,,,,,,,405,12275,11517,148111,1143,34349,37966,126111,17,1011,675,3737,22,1692,42,21,,,,,
2020-11-29,271,5014,395843,16,7639,3712000,.1,27943,,2049,.23999999,,,,,,,,,,,,,,,,,412,12457,11670,150159,1169,34798,38371,127459,17,1015,678,3741,22,1697,42,21,,,,,
2020-11-30,272,5150,400919,17,7655,3734000,.1,27998,,2185,.23999999,,,7228,.51999998,.23999999,.14,.090000004,.0099999998,.0099999998,,,,,,,,416,12700,11867,152910,1193,35315,38861,128273,17,1018,679,3746,22,1705,41,21,,,,,
2020-12-01,273,7593,408396,46,7700,3760000,.1,28280,,2316,.23999999,,,7270,.51999998,.23999999,.14,.090000004,.0099999998,.0099999998,,,,,,,,439,13061,12024,156072,1210,36061,39343,130273,17,1024,682,3772,22,1712,41,23,,,,,
2020-12-02,274,5987,414185,40,7740,3780000,.1,28540,,2439,.23999999,,.13,7305,.51999998,.23999999,.14,.090000004,.0099999998,.0099999998,,,,,1.14,1.0700001,1.22,456,13277,12159,158474,1226,36657,39594,131810,17,1028,683,3788,22,1725,42,26,,,,,
2020-12-03,275,7854,421881,44,7782,3808000,.1,28860,,2572,.23,,,7345,.51999998,.23999999,.14,.090000004,.0099999998,.0099999998,,,,,,,,469,13560,12384,161902,1261,37315,40194,133900,17,1028,686,3816,23,1732,43,25,.186,.25299999,.222,.197,.206
2020-12-04,276,8860,430583,60,7842,3838000,.1,29145,,2668,.23999999,,,7402,.51999998,.23999999,.14,.090000004,.0099999998,.0099999998,,,,,,,,482,13875,12679,165799,1292,38113,41209,135857,17,1036,688,3852,23,1741,45,23,.20900001,.212,.214,.141,.131
2020-12-05,277,8949,439408,44,7886,3870000,.1,29334,,2769,.23,,,7444,.51999998,.23999999,.14,.090000004,.0099999998,.0099999998,,,,,,,,510,14167,12992,169409,1332,39061,42060,138359,17,1045,695,3863,23,1755,46,24,.241,.21699999,.214,.086000003,.125
2020-12-06,278,10528,449851,23,7909,3900000,.11,29396,,2855,.23,,,,,,,,,,,,,,,,,528,14527,13291,173982,1379,39922,43231,140839,17,1048,696,3879,23,1760,46,22,.26499999,.241,.182,.066,.103
2020-12-07,279,8086,457880,27,7936,3930000,.11,29497,,2988,.23999999,,,7495,.51999998,.23999999,.14,.090000004,.0099999998,.0099999998,,,,,,,,548,14815,13520,177823,1405,40711,44004,142782,17,1058,697,3889,23,1765,46,23,.28200001,.257,.20299999,.063000001,.109
2020-12-08,280,8547,466321,64,8000,3955000,.11,29835,,3113,.23999999,,,7557,.51999998,.23999999,.14,.090000004,.0099999998,.0099999998,,,,,,,,572,15093,13756,180929,1435,41367,44800,145722,17,1074,704,3912,24,1777,49,25,.25,.245,.18799999,.056000002,.101
2020-12-09,281,9243,475271,75,8075,3985000,.11,30076,,3299,.23,,.15000001,7627,.51999998,.23999999,.14,.090000004,.0099999998,.0099999998,2702,,,59,1.14,1.09,1.21,596,15345,14006,184543,1464,42150,45364,148288,17,1083,709,3951,24,1793,50,24,.271,.20900001,.14300001,.041999999,.090000004
2020-12-10,282,12819,487917,74,8149,4022000,.11,30478,,3433,.23,,,7697,.51999998,.23999999,.14,.090000004,.0099999998,.0099999998,,,,,,,,632,15802,14373,190895,1503,43380,46511,150799,17,1096,717,3981,24,1811,51,26,.303,.178,.133,.018999999,.077
2020-12-11,283,13815,501635,50,8199,4060000,.12,30718,,3624,.23,,,7746,.51999998,.23,.14,.090000004,.015,.015,,,,,,,,661,16307,14826,197372,1546,44632,47755,153912,17,1101,721,4012,25,1819,51,25,.266,.167,.148,.045000002,.061999999
2020-12-12,284,11476,512872,70,8269,4091000,.12,30905,,3850,.22,,,7813,.51999998,.23,.14,.090000004,.015,.015,,,,,,,,684,16781,15231,202656,1596,45831,49114,155964,17,1111,722,4056,24,1832,51,26,.27399999,.176,.127,0,.052999999
2020-12-13,285,12731,525486,29,8298,4129000,.12,30989,,4009,.20999999,,,,,,,,,,,,,,,,,714,17154,15580,205824,1643,46803,50275,164067,17,1113,723,4067,24,1842,52,26,.28999999,.167,.15099999,.015,.041999999
2020-12-14,286,7344,532730,48,8345,4148000,.12,31110,,4203,.20999999,,,,,,,,,,,,,,,,,740,17475,15834,207749,1682,47630,51058,165058,18,1118,730,4093,24,1847,53,28,.28999999,.178,.148,0,.027000001
2020-12-15,287,11194,543769,86,8431,4175000,.12,31110,,4403,.20999999,,,,,,,,,,,,,,,,,771,17916,16261,212880,1735,48638,52361,164310,18,1134,734,4138,24,1865,55,29,.29800001,.15800001,.149,.016000001,.017000001
2020-12-16,288,22422,566005,138,8568,4226000,.12,31759,,4656,.20999999,,,,,,,,,,,,,,1.2,1.13,1.26,810,18848,16934,224506,1823,50539,54564,171073,18,1147,742,4199,25,1903,58,35,.28099999,.12899999,.141,0,.0049999999
